<?xml version="1.0"?>
<doc>
  <assembly>
    <name>Pstxy</name>
  </assembly>
  <members>
    <member name="F:PantileSoft.MailItemType.Mail">
      <summary>
            Ordinary mail
            </summary>
    </member>
    <member name="F:PantileSoft.MailItemType.Conversation">
      <summary>
            Chat history
            </summary>
    </member>
    <member name="F:PantileSoft.MailItemType.MissedConversation">
      <summary>
            Missed chat history
            </summary>
    </member>
    <member name="F:PantileSoft.MailItemType.VoiceCall">
      <summary>
            Voice call history
            </summary>
    </member>
    <member name="F:PantileSoft.MailItemType.MissedVoiceCall">
      <summary>
            Missed voice call history
            </summary>
    </member>
    <member name="F:PantileSoft.MailItemType.DocumentStorage">
      <summary>
            Mail used as file storage
            </summary>
    </member>
    <member name="F:PantileSoft.EmailProtocolType.Exchange">
      <summary>
            Mail sent by Exchange Server
            </summary>
    </member>
    <member name="F:PantileSoft.EmailProtocolType.Smtp">
      <summary>
            Mail sent by SMTP server
            </summary>
    </member>
    <member name="F:PantileSoft.RecipientType.Sender">
      <summary>
            The recipient is the mail sender
            </summary>
    </member>
    <member name="F:PantileSoft.MessageFlagsType.Read">
      <summary>
            The message is marked as having been read.
            </summary>
    </member>
    <member name="F:PantileSoft.MessageFlagsType.Unsent">
      <summary>
            The message is still being composed and is treated as a Draft Message object.
            </summary>
    </member>
    <member name="F:PantileSoft.MessageFlagsType.Resend">
      <summary>
            The message includes a request for a resend operation with a non-delivery report.
            </summary>
    </member>
    <member name="F:PantileSoft.MessageFlagsType.Unmodified">
      <summary>
            The message has not been modified since it was first saved (if unsent) or it was delivered (if sent).
            </summary>
    </member>
    <member name="F:PantileSoft.MessageFlagsType.Submitted">
      <summary>
            The message is marked for sending as a result of a call to the RopSubmitMessage ROP
            </summary>
    </member>
    <member name="F:PantileSoft.MessageFlagsType.HasAttach">
      <summary>
            The message has at least one attachment.
            </summary>
    </member>
    <member name="F:PantileSoft.MessageFlagsType.FromMe">
      <summary>
            The user receiving the message was also the user who sent the message.
            </summary>
    </member>
    <member name="F:PantileSoft.MessageFlagsType.FAI">
      <summary>
            The message is an FAI message.
            </summary>
    </member>
    <member name="F:PantileSoft.MessageFlagsType.NotifyRead">
      <summary>
            The user who sent the message has requested notification when a recipient first reads it.
            </summary>
    </member>
    <member name="F:PantileSoft.MessageFlagsType.NotifyUnread">
      <summary>
            The user who sent the message has requested notification when a recipient deletes it before reading or the Message object expires.
            </summary>
    </member>
    <member name="F:PantileSoft.MessageFlagsType.EverRead">
      <summary>
            The message has been read at least once.
            </summary>
    </member>
    <member name="F:PantileSoft.MessageFlagsType.Internet">
      <summary>
            The incoming message arrived over the Internet.
            </summary>
    </member>
    <member name="F:PantileSoft.MessageFlagsType.Untrusted">
      <summary>
            The incoming message arrived over an external link other than X.400 or the Internet.
            </summary>
    </member>
    <member name="P:PantileSoft.Folder.Name">
      <summary>
            The name of the folder
            </summary>
    </member>
    <member name="P:PantileSoft.Folder.ContentCount">
      <summary>
            Total number of items
            </summary>
    </member>
    <member name="P:PantileSoft.Folder.ContentUnreadCount">
      <summary>
            Number of unread items
            </summary>
    </member>
    <member name="P:PantileSoft.Folder.ContainerClass">
      <summary>
            What items it contains. Just a hint.
            </summary>
    </member>
    <member name="P:PantileSoft.Folder.Folders">
      <summary>
            Sub folders
            </summary>
    </member>
    <member name="P:PantileSoft.Folder.Mails">
      <summary>
            Contains mail items like ordinary mail, chat history, voice history.
            See Mail.ItemType
            </summary>
    </member>
    <member name="T:PantileSoft.Mail">
      <summary>
            Mail, which included normal mail, chat history, voice history and so on
            See Mail.ItemType
            </summary>
    </member>
    <member name="P:PantileSoft.Mail.TransportHeader">
      <summary>
            Internet mail transport header
            </summary>
    </member>
    <member name="P:PantileSoft.Mail.SenderName">
      <summary>
            The name of the mail sender
            </summary>
    </member>
    <member name="P:PantileSoft.Mail.MessageFlags">
      <summary>
            Bitwise flags of MessageFlagsType
            </summary>
    </member>
    <member name="P:PantileSoft.Mail.Subject">
      <summary>
            Conversation topic with prefix such as "RE:", "FWD:"
            </summary>
    </member>
    <member name="P:PantileSoft.Mail.ToLine">
      <summary>
            Content display in To line
            </summary>
    </member>
    <member name="P:PantileSoft.Mail.CcLine">
      <summary>
            Content display in Cc line
            </summary>
    </member>
    <member name="P:PantileSoft.Mail.BccLine">
      <summary>
            Content display in Bcc line
            </summary>
    </member>
    <member name="P:PantileSoft.Mail.SendEmailProtocol">
      <summary>
            Mail sent by Exchange or Smtp
            </summary>
    </member>
    <member name="P:PantileSoft.Mail.SenderEmailExchange">
      <summary>
            Exchange mail address
            </summary>
    </member>
    <member name="P:PantileSoft.Mail.SenderEmailSmtp">
      <summary>
            Smtp mail address
            </summary>
    </member>
    <member name="P:PantileSoft.Mail.SenderEmail">
      <summary>
            Try return smtp email address, if not found, return exchange mail address instead.
            </summary>
    </member>
    <member name="P:PantileSoft.Mail.SenderAccountName">
      <summary>
            The user account under Windows who sent this email
            </summary>
    </member>
    <member name="P:PantileSoft.Mail.ItemType">
      <summary>
            What kind of mail item it is
            </summary>
    </member>
    <member name="P:PantileSoft.Mail.Content">
      <summary>
            Plain text mail body, lazy load
            </summary>
    </member>
    <member name="P:PantileSoft.Mail.ContentRtf">
      <summary>
            RTF format mail body, lazy load
            </summary>
    </member>
    <member name="P:PantileSoft.Mail.ContentHtmlRaw">
      <summary>
            Html mail body raw bytes without decode, lazy load
            </summary>
    </member>
    <member name="P:PantileSoft.Mail.ContentHtml">
      <summary>
            Html mail body decoded, lazy load
            </summary>
    </member>
    <member name="P:PantileSoft.Mail.ContentHtmlEncoding">
      <summary>
            The encoding used to decode ContentHtml.
            If you want to do decode manually, use ContentHtmlRaw.
            </summary>
    </member>
    <member name="T:PantileSoft.PstFile">
      <summary>
            Represent an outlook PST or OST file
            </summary>
    </member>
    <member name="M:PantileSoft.PstFile.#ctor(System.String)">
      <summary>
            Create new PstFile instance with .pst or .ost filename
            </summary>
      <param name="file">.pst or .ost file full name</param>
    </member>
    <member name="M:PantileSoft.PstFile.#ctor(System.IO.Stream)">
      <summary>
            Create new PstFile instance by pass in .pst or .ost file stream, which still keep open after PstFile close
            </summary>
      <param name="stream">.pst or .ost file stream</param>
    </member>
    <member name="M:PantileSoft.PstFile.#ctor(System.IO.Stream,System.Boolean)">
      <summary>
            Create new PstFile instance by pass in .pst or .ost file stream
            </summary>
      <param name="stream">.pst or .ost file stream</param>
      <param name="closeStream">Set to true to close stream when PstFile close</param>
    </member>
    <member name="P:PantileSoft.PstFile.DefaultHtmlEncoding">
      <summary>
            Global default encoding for all undetectable Html content, UTF-8 if not set
            </summary>
    </member>
    <member name="T:PantileSoft.Recipient">
      <summary>
            Mail receiver
            </summary>
    </member>
    <member name="P:PantileSoft.Recipient.RecipientType">
      <summary>
            To, Cc or Bcc
            </summary>
    </member>
    <member name="P:PantileSoft.Recipient.AccountName">
      <summary>
            The domain account name
            </summary>
    </member>
    <member name="P:PantileSoft.Recipient.SendEmailProtocol">
      <summary>
            Mail sent by Exchange or Smtp
            </summary>
    </member>
    <member name="P:PantileSoft.Recipient.EmailExchange">
      <summary>
            Exchange mail address
            </summary>
    </member>
    <member name="P:PantileSoft.Recipient.EmailSmtp">
      <summary>
            Smtp mail address
            </summary>
    </member>
    <member name="P:PantileSoft.Recipient.Email">
      <summary>
            Try return smtp email address, if not found, return exchange mail address instead
            </summary>
    </member>
  </members>
</doc>